{
  "run_id": "a7f963ea-d9a4-468c-8f7b-7e8b2ebeec46",
  "model_version": "v8_graph",
  "params": 1081385,
  "trainable": 1081385,
  "raw_bytes": 2228388,
  "est_int8_bytes": 1081385,
  "quantized_bytes": 1666933,
  "vocab_size": 1024,
  "num_steps": 8,
  "n_channels": 128,
  "n_fourier_basis": 16,
  "state_dim": 64,
  "inner_dim": 128,
  "n_ops": 8,
  "lr": 0.03,
  "activation": "gelu",
  "decay_init": 3.0,
  "steps_trained": 165,
  "final_train_loss": 0.8704148903489113,
  "val_loss": 0.7880000915846269,
  "val_bpb": 0.46669804013681193,
  "train_time_ms": 301173.61003905535,
  "world_size": 3,
  "grad_accum_steps": 16,
  "batch_tokens": 491520,
  "model_path": "logs/a7f963ea-d9a4-468c-8f7b-7e8b2ebeec46_model.pt",
  "quantized_path": "logs/a7f963ea-d9a4-468c-8f7b-7e8b2ebeec46_model.int8.ptz"
}