{
  "run_id": "b84c2a3f-c41b-4502-85eb-fae38bd684ad",
  "model_version": "v8_graph",
  "params": 294953,
  "trainable": 294953,
  "raw_bytes": 655524,
  "est_int8_bytes": 294953,
  "quantized_bytes": 531201,
  "vocab_size": 1024,
  "num_steps": 8,
  "n_channels": 128,
  "n_fourier_basis": 16,
  "state_dim": 64,
  "inner_dim": 128,
  "n_ops": 8,
  "lr": 0.03,
  "activation": "gelu",
  "decay_init": 3.0,
  "steps_trained": 165,
  "final_train_loss": 5.39418151974678,
  "val_loss": 5.384498601529136,
  "val_bpb": 3.1890033659763564,
  "train_time_ms": 300715.3076566756,
  "world_size": 3,
  "grad_accum_steps": 16,
  "batch_tokens": 491520,
  "model_path": "logs/b84c2a3f-c41b-4502-85eb-fae38bd684ad_model.pt",
  "quantized_path": "logs/b84c2a3f-c41b-4502-85eb-fae38bd684ad_model.int8.ptz"
}