{
  "run_id": "c8b7a7a1-8ca2-49a5-ac57-3453f13a19c9",
  "model_version": "v8_graph",
  "params": 163881,
  "trainable": 163881,
  "raw_bytes": 393380,
  "est_int8_bytes": 163881,
  "quantized_bytes": 329804,
  "vocab_size": 1024,
  "num_steps": 8,
  "n_channels": 128,
  "n_fourier_basis": 16,
  "state_dim": 64,
  "inner_dim": 128,
  "n_ops": 8,
  "lr": 0.03,
  "activation": "gelu",
  "decay_init": 3.0,
  "steps_trained": 165,
  "final_train_loss": 4.846987396478653,
  "val_loss": 4.8394965436779485,
  "val_bpb": 2.8662224488343404,
  "train_time_ms": 300537.04779967666,
  "world_size": 3,
  "grad_accum_steps": 16,
  "batch_tokens": 491520,
  "model_path": "logs/c8b7a7a1-8ca2-49a5-ac57-3453f13a19c9_model.pt",
  "quantized_path": "logs/c8b7a7a1-8ca2-49a5-ac57-3453f13a19c9_model.int8.ptz"
}