{
  "run_id": "2f007738-234f-405a-b12e-e3be33c9572e",
  "model_version": "v8_graph",
  "params": 557097,
  "trainable": 557097,
  "raw_bytes": 1179812,
  "est_int8_bytes": 557097,
  "quantized_bytes": 907415,
  "vocab_size": 1024,
  "num_steps": 8,
  "n_channels": 128,
  "n_fourier_basis": 16,
  "state_dim": 64,
  "inner_dim": 128,
  "n_ops": 8,
  "lr": 0.03,
  "activation": "gelu",
  "decay_init": 3.0,
  "steps_trained": 165,
  "final_train_loss": 4.349520891904831,
  "val_loss": 4.329878456179083,
  "val_bpb": 2.564397912017712,
  "train_time_ms": 300806.6054880619,
  "world_size": 3,
  "grad_accum_steps": 16,
  "batch_tokens": 491520,
  "model_path": "logs/2f007738-234f-405a-b12e-e3be33c9572e_model.pt",
  "quantized_path": "logs/2f007738-234f-405a-b12e-e3be33c9572e_model.int8.ptz"
}